{"data_time": 0.0029542695001509856, "eta_seconds": 78.78765517455122, "fast_rcnn/cls_accuracy": 0.072265625, "fast_rcnn/false_negative": 0.18857758620689655, "fast_rcnn/fg_cls_accuracy": 0.015625, "iteration": 19, "loss_box_reg": 0.756487101316452, "loss_cls": 2.9696967601776123, "loss_mask": 0.6936801671981812, "loss_rpn_cls": 0.018552590161561966, "loss_rpn_loc": 0.01047930121421814, "lr": 4.99525e-06, "mask_rcnn/accuracy": 0.4774510003856194, "mask_rcnn/false_negative": 0.5184528686273928, "mask_rcnn/false_positive": 0.573446874154762, "roi_head/num_bg_samples": 101.5, "roi_head/num_fg_samples": 26.5, "rpn/num_neg_anchors": 246.0, "rpn/num_pos_anchors": 10.0, "time": 0.2803831145001823, "total_loss": 4.444015943910927}
{"data_time": 0.0032613609992040438, "eta_seconds": 72.77060263935527, "fast_rcnn/cls_accuracy": 0.20703125, "fast_rcnn/false_negative": 0.22918229557389347, "fast_rcnn/fg_cls_accuracy": 0.040625, "iteration": 39, "loss_box_reg": 0.7292055487632751, "loss_cls": 2.8528820276260376, "loss_mask": 0.6915135979652405, "loss_rpn_cls": 0.015756786800920963, "loss_rpn_loc": 0.012481153011322021, "lr": 9.99025e-06, "mask_rcnn/accuracy": 0.5522914513326883, "mask_rcnn/false_negative": 0.41849649849433485, "mask_rcnn/false_positive": 0.5903953637423223, "roi_head/num_bg_samples": 104.5, "roi_head/num_fg_samples": 23.5, "rpn/num_neg_anchors": 246.5, "rpn/num_pos_anchors": 9.5, "time": 0.2709460179994494, "total_loss": 4.284855022560805}
{"data_time": 0.0030180380008459906, "eta_seconds": 67.15714206055054, "fast_rcnn/cls_accuracy": 0.615234375, "fast_rcnn/false_negative": 0.7109375, "fast_rcnn/fg_cls_accuracy": 0.0, "iteration": 59, "loss_box_reg": 0.7584092319011688, "loss_cls": 2.6402698755264282, "loss_mask": 0.6901293992996216, "loss_rpn_cls": 0.012324949260801077, "loss_rpn_loc": 0.010013670660555363, "lr": 1.4985249999999999e-05, "mask_rcnn/accuracy": 0.6150442319785057, "mask_rcnn/false_negative": 0.34604092303082606, "mask_rcnn/false_positive": 0.6666172033292177, "roi_head/num_bg_samples": 103.25, "roi_head/num_fg_samples": 24.75, "rpn/num_neg_anchors": 247.0, "rpn/num_pos_anchors": 9.0, "time": 0.2698639615000502, "total_loss": 4.097426075430121}
{"data_time": 0.0032179894997170777, "eta_seconds": 61.35497914007283, "fast_rcnn/cls_accuracy": 0.751953125, "fast_rcnn/false_negative": 0.9732638888888889, "fast_rcnn/fg_cls_accuracy": 0.0, "iteration": 79, "loss_box_reg": 0.8469365239143372, "loss_cls": 2.3766372203826904, "loss_mask": 0.6823245584964752, "loss_rpn_cls": 0.015081795863807201, "loss_rpn_loc": 0.011247037444263697, "lr": 1.9980250000000002e-05, "mask_rcnn/accuracy": 0.758350605867347, "mask_rcnn/false_negative": 0.13256332548320765, "mask_rcnn/false_positive": 0.880223038751992, "roi_head/num_bg_samples": 96.25, "roi_head/num_fg_samples": 31.75, "rpn/num_neg_anchors": 244.25, "rpn/num_pos_anchors": 11.75, "time": 0.27643228499982797, "total_loss": 3.949984268168919}
{"data_time": 0.0028930925000167917, "eta_seconds": 55.21014503862534, "fast_rcnn/cls_accuracy": 0.80859375, "fast_rcnn/false_negative": 1.0, "fast_rcnn/fg_cls_accuracy": 0.0, "iteration": 99, "loss_box_reg": 0.7226811647415161, "loss_cls": 1.9695842862129211, "loss_mask": 0.6746768653392792, "loss_rpn_cls": 0.02165156789124012, "loss_rpn_loc": 0.016023218166083097, "lr": 2.497525e-05, "mask_rcnn/accuracy": 0.8253502842408516, "mask_rcnn/false_negative": 0.02540080592448206, "mask_rcnn/false_positive": 0.9527213819513927, "roi_head/num_bg_samples": 103.5, "roi_head/num_fg_samples": 24.5, "rpn/num_neg_anchors": 239.5, "rpn/num_pos_anchors": 16.5, "time": 0.26148162450044765, "total_loss": 3.4134777672588825}
{"data_time": 0.0030592164994232007, "eta_seconds": 50.24066014795517, "fast_rcnn/cls_accuracy": 0.8125, "fast_rcnn/false_negative": 1.0, "fast_rcnn/fg_cls_accuracy": 0.0, "iteration": 119, "loss_box_reg": 0.6850241720676422, "loss_cls": 1.4661937355995178, "loss_mask": 0.6646771132946014, "loss_rpn_cls": 0.007129390956833959, "loss_rpn_loc": 0.011438791640102863, "lr": 2.997025e-05, "mask_rcnn/accuracy": 0.828038580354955, "mask_rcnn/false_negative": 0.010057056242010441, "mask_rcnn/false_positive": 0.9880494087614895, "roi_head/num_bg_samples": 104.0, "roi_head/num_fg_samples": 24.0, "rpn/num_neg_anchors": 246.25, "rpn/num_pos_anchors": 9.75, "time": 0.2937606750001578, "total_loss": 2.887008374091238}
{"data_time": 0.00306187849946582, "eta_seconds": 44.73848478756645, "fast_rcnn/cls_accuracy": 0.76953125, "fast_rcnn/false_negative": 1.0, "fast_rcnn/fg_cls_accuracy": 0.0, "iteration": 139, "loss_box_reg": 0.9134760797023773, "loss_cls": 1.194167971611023, "loss_mask": 0.660371720790863, "loss_rpn_cls": 0.007527404930442572, "loss_rpn_loc": 0.012651209719479084, "lr": 3.4965250000000005e-05, "mask_rcnn/accuracy": 0.8334150457057823, "mask_rcnn/false_negative": 0.0, "mask_rcnn/false_positive": 1.0, "roi_head/num_bg_samples": 98.5, "roi_head/num_fg_samples": 29.5, "rpn/num_neg_anchors": 246.25, "rpn/num_pos_anchors": 9.75, "time": 0.2880489335002494, "total_loss": 2.7943967084866017}
{"data_time": 0.003186302999893087, "eta_seconds": 39.22533411907989, "fast_rcnn/cls_accuracy": 0.783203125, "fast_rcnn/false_negative": 1.0, "fast_rcnn/fg_cls_accuracy": 0.0, "iteration": 159, "loss_box_reg": 0.8482693433761597, "loss_cls": 1.0044719576835632, "loss_mask": 0.6479336023330688, "loss_rpn_cls": 0.011831804644316435, "loss_rpn_loc": 0.010752284899353981, "lr": 3.996025e-05, "mask_rcnn/accuracy": 0.8371240924254317, "mask_rcnn/false_negative": 0.0, "mask_rcnn/false_positive": 1.0, "roi_head/num_bg_samples": 100.25, "roi_head/num_fg_samples": 27.75, "rpn/num_neg_anchors": 247.75, "rpn/num_pos_anchors": 8.25, "time": 0.2908519314996738, "total_loss": 2.492586660406232}
{"data_time": 0.0031434390002686996, "eta_seconds": 33.77512185844262, "fast_rcnn/cls_accuracy": 0.80078125, "fast_rcnn/false_negative": 1.0, "fast_rcnn/fg_cls_accuracy": 0.0, "iteration": 179, "loss_box_reg": 0.7751237750053406, "loss_cls": 0.9155056178569794, "loss_mask": 0.6440039277076721, "loss_rpn_cls": 0.0068367531057447195, "loss_rpn_loc": 0.011454945430159569, "lr": 4.4955249999999996e-05, "mask_rcnn/accuracy": 0.8392673661726595, "mask_rcnn/false_negative": 0.0, "mask_rcnn/false_positive": 1.0, "roi_head/num_bg_samples": 102.5, "roi_head/num_fg_samples": 25.5, "rpn/num_neg_anchors": 245.0, "rpn/num_pos_anchors": 11.0, "time": 0.2931654365002032, "total_loss": 2.35068064450752}
{"data_time": 0.0031320629996116622, "eta_seconds": 28.155679100032103, "fast_rcnn/cls_accuracy": 0.767578125, "fast_rcnn/false_negative": 1.0, "fast_rcnn/fg_cls_accuracy": 0.0, "iteration": 199, "loss_box_reg": 0.8528187870979309, "loss_cls": 0.944438636302948, "loss_mask": 0.612412691116333, "loss_rpn_cls": 0.009470195975154638, "loss_rpn_loc": 0.0111458171159029, "lr": 4.9950250000000005e-05, "mask_rcnn/accuracy": 0.8458924585459184, "mask_rcnn/false_negative": 0.0, "mask_rcnn/false_positive": 1.0, "roi_head/num_bg_samples": 98.25, "roi_head/num_fg_samples": 29.75, "rpn/num_neg_anchors": 245.75, "rpn/num_pos_anchors": 10.25, "time": 0.2778443069992136, "total_loss": 2.4752370337955654}
{"data_time": 0.003328406500259007, "eta_seconds": 22.56026486852079, "fast_rcnn/cls_accuracy": 0.78125, "fast_rcnn/false_negative": 1.0, "fast_rcnn/fg_cls_accuracy": 0.0, "iteration": 219, "loss_box_reg": 0.8317799270153046, "loss_cls": 0.8621295094490051, "loss_mask": 0.6134974956512451, "loss_rpn_cls": 0.005970096681267023, "loss_rpn_loc": 0.01598834851756692, "lr": 5.494525e-05, "mask_rcnn/accuracy": 0.8319614955357143, "mask_rcnn/false_negative": 0.0, "mask_rcnn/false_positive": 1.0, "roi_head/num_bg_samples": 100.0, "roi_head/num_fg_samples": 28.0, "rpn/num_neg_anchors": 243.0, "rpn/num_pos_anchors": 13.0, "time": 0.275751220499842, "total_loss": 2.3076838951092213}
{"data_time": 0.003083858499849157, "eta_seconds": 16.981189454967534, "fast_rcnn/cls_accuracy": 0.810546875, "fast_rcnn/false_negative": 1.0,